{
    "path": {
        "src": {
            "srcPath": "./src",
            "components": "/_components",
            "html": [
                "/**/*.html"
            ],
            "style": [
                "/assets/css/app.scss"
            ],
            "script": [
                "/assets/js/app.js"
            ],
            "image": [
                "/assets/img/**/*.*"
            ],
            "font": [
                "/assets/fonts/**/*.*"
            ]
        },
        "dist": {
            "distPath": "./dist",
            "html": "/",
            "style": "/assets/css/",
            "script": "/assets/js/",
            "image": "/assets/img/",
            "font": "/assets/fonts/"
        }
    }
}